semana,fecha,canal,impresiones,clicks,ctr_pct,cpc_eur,gasto_eur,sesiones,leads,leads_cualificados,citas_agendadas,pacientes_cerrados,ingresos_eur,cac_eur,followers_instagram,followers_tiktok,likes_ultimo_post,suscriptores_newsletter,clicks_blog,reseñas_google_nuevas,nps_score
1,2024-01-01,Google Ads,69281,1758,2.54,3.05,5362,1640,50,34,18,8,37312,670.25,12000,0,80,4500,547,3,67
1,2024-01-01,Meta Ads,176233,2102,1.19,1.3,2735,1952,110,23,5,1,3177,2735.0,12000,0,764,4500,796,4,44
1,2024-01-01,Organico,22397,1632,7.29,0.03,50,1632,44,33,19,11,38170,4.55,12000,0,797,4500,1198,1,59
1,2024-01-01,TikTok Ads,0,0,0,0,0,0,0,0,0,0,0,0,12000,3500,350,4500,1366,5,71
1,2024-01-01,Email,8238,223,2.71,0.13,30,219,17,14,9,5,17945,6.0,12000,0,514,4500,847,2,58
1,2024-01-01,Referral,0,30,0,0.0,0,30,10,9,7,3,12450,0.0,12000,0,596,4500,434,7,59
2,2024-01-08,Google Ads,61910,2407,3.89,3.88,9330,2246,52,36,14,8,35568,1166.25,12066,0,324,4507,532,5,48
2,2024-01-08,Meta Ads,178974,1927,1.08,1.44,2775,1757,88,16,4,0,0,0,12069,0,647,4517,841,3,43
2,2024-01-08,Organico,23795,1254,5.27,0.04,50,1254,32,23,14,9,32688,5.56,12023,0,444,4517,1320,7,68
2,2024-01-08,TikTok Ads,0,0,0,0,0,0,0,0,0,0,0,0,12047,3590,61,4508,1496,8,52
2,2024-01-08,Email,8728,307,3.52,0.1,30,296,14,8,5,2,8390,15.0,12079,0,232,4521,317,4,75
2,2024-01-08,Referral,0,33,0,0.0,0,33,7,6,4,2,8888,0.0,12015,0,663,4515,1100,0,42
3,2024-01-15,Google Ads,75060,2865,3.82,4.16,11927,2688,51,37,20,9,43155,1325.22,12046,0,595,4518,362,7,70
3,2024-01-15,Meta Ads,153821,1798,1.17,1.22,2201,1703,131,34,10,2,5616,1100.5,12124,0,498,4542,1024,1,50
3,2024-01-15,Organico,22442,1349,6.01,0.04,50,1349,49,36,20,11,35860,4.55,12088,0,119,4512,776,1,67
3,2024-01-15,TikTok Ads,0,0,0,0,0,0,0,0,0,0,0,0,12090,3610,735,4540,538,8,43
3,2024-01-15,Email,8689,447,5.14,0.07,30,437,22,15,8,3,11622,10.0,12140,0,412,4536,941,7,38
3,2024-01-15,Referral,0,36,0,0.0,0,36,14,12,9,5,21910,0.0,12056,0,304,4522,489,8,63
4,2024-01-22,Google Ads,59321,1646,2.77,3.42,5637,1600,30,21,11,5,25675,1127.4,12048,0,145,4536,440,6,66
4,2024-01-22,Meta Ads,170043,2389,1.4,1.43,3420,2129,85,17,5,1,2692,3420.0,12207,0,763,4566,1455,7,44
4,2024-01-22,Organico,22277,1259,5.65,0.04,50,1259,32,26,14,8,26008,6.25,12228,0,564,4563,422,0,67
4,2024-01-22,TikTok Ads,0,0,0,0,0,0,0,0,0,0,0,0,12075,3629,120,4572,239,3,60
4,2024-01-22,Email,8176,422,5.16,0.07,30,406,28,21,12,6,22410,5.0,12165,0,317,4533,1471,5,50
4,2024-01-22,Referral,0,28,0,0.0,0,28,6,5,4,2,8916,0.0,12072,0,59,4557,1372,1,39
5,2024-01-29,Google Ads,67250,2191,3.26,2.76,6057,2061,39,23,10,5,24560,1211.4,12212,0,676,4600,1183,0,70
5,2024-01-29,Meta Ads,160708,2031,1.26,1.46,2959,1806,80,13,3,0,0,0,12164,0,784,4560,516,4,67
5,2024-01-29,Organico,23695,1828,7.71,0.03,50,1828,76,54,33,19,60857,2.63,12228,0,183,4600,636,2,63
5,2024-01-29,TikTok Ads,0,0,0,0,0,0,0,0,0,0,0,0,12276,3864,59,4532,254,2,69
5,2024-01-29,Email,8105,292,3.6,0.1,30,285,17,10,5,2,8390,15.0,12080,0,416,4544,1496,3,41
5,2024-01-29,Referral,0,30,0,0.0,0,30,9,8,7,4,17788,0.0,12180,0,216,4540,944,0,46
6,2024-02-05,Google Ads,71219,2135,3.0,4.36,9312,2066,67,47,20,12,48252,776.0,12315,0,89,4600,555,3,64
6,2024-02-05,Meta Ads,163287,2244,1.37,1.41,3163,2009,133,27,6,0,0,0,12250,0,409,4625,1143,6,69
6,2024-02-05,Organico,22947,1166,5.08,0.04,50,1166,49,36,22,16,51824,3.12,12140,0,660,4590,807,5,62
6,2024-02-05,TikTok Ads,0,0,0,0,0,0,0,0,0,0,0,0,12400,3670,444,4615,489,4,37
6,2024-02-05,Email,8677,217,2.5,0.14,30,216,14,10,6,3,10716,10.0,12350,0,121,4575,1376,5,42
6,2024-02-05,Referral,0,37,0,0.0,0,37,9,7,5,3,11406,0.0,12155,0,246,4590,1461,6,46
7,2024-02-12,Google Ads,68804,2030,2.95,3.6,7299,1867,42,26,12,6,28512,1216.5,12426,0,502,4566,1146,7,45
7,2024-02-12,Meta Ads,179149,1789,1.0,1.26,2262,1651,72,21,4,0,0,0,12198,0,75,4536,601,7,74
7,2024-02-12,Organico,25411,1326,5.22,0.04,50,1326,44,35,20,13,48178,3.85,12396,0,299,4554,1443,0,41
7,2024-02-12,TikTok Ads,0,0,0,0,0,0,0,0,0,0,0,0,12414,3788,230,4626,1051,0,70
7,2024-02-12,Email,8286,418,5.04,0.07,30,406,32,24,16,8,33376,3.75,12426,0,677,4626,973,8,63
7,2024-02-12,Referral,0,41,0,0.0,0,41,14,12,9,5,20760,0.0,12300,0,583,4620,1383,3,52
8,2024-02-19,Google Ads,65300,2331,3.57,2.97,6920,2191,72,40,16,8,32896,865.0,12294,0,115,4626,934,5,69
8,2024-02-19,Meta Ads,169251,1427,0.84,1.38,1973,1294,91,26,5,1,2989,1973.0,12441,0,538,4535,820,4,59
8,2024-02-19,Organico,25428,1998,7.86,0.03,50,1998,66,55,34,22,75350,2.27,12539,0,274,4591,992,7,36
8,2024-02-19,TikTok Ads,0,0,0,0,0,0,0,0,0,0,0,0,12448,3941,734,4619,438,7,43
8,2024-02-19,Email,8908,365,4.1,0.08,30,363,25,19,9,4,16348,7.5,12518,0,236,4542,632,6,55
8,2024-02-19,Referral,0,27,0,0.0,0,27,7,6,4,2,8702,0.0,12476,0,308,4549,1063,0,69
9,2024-02-26,Google Ads,57564,2261,3.93,2.95,6666,2089,71,39,15,7,26887,952.29,12272,0,294,4572,1069,1,71
9,2024-02-26,Meta Ads,193969,2183,1.13,0.98,2137,1977,126,37,11,2,5134,1068.5,12432,0,160,4684,152,4,71
9,2024-02-26,Organico,24592,1936,7.87,0.03,50,1936,63,52,29,19,65512,2.63,12224,0,763,4612,1329,1,71
9,2024-02-26,TikTok Ads,0,0,0,0,0,0,0,0,0,0,0,0,12160,4012,595,4644,1454,5,39
9,2024-02-26,Email,8505,299,3.52,0.1,30,296,24,15,10,5,20240,6.0,12584,0,774,4572,991,2,68
9,2024-02-26,Referral,0,42,0,0.0,0,42,10,9,7,4,15784,0.0,12392,0,380,4596,277,4,63
10,2024-03-04,Google Ads,64621,2065,3.2,3.72,7683,1946,35,25,10,4,17316,1920.75,12522,0,336,4716,665,8,35
10,2024-03-04,Meta Ads,180897,1689,0.93,0.97,1636,1534,95,17,4,1,2858,1636.0,12153,0,145,4626,553,6,50
10,2024-03-04,Organico,24031,1620,6.74,0.03,50,1620,55,43,26,18,63684,2.78,12540,0,769,4671,654,4,51
10,2024-03-04,TikTok Ads,0,0,0,0,0,0,0,0,0,0,0,0,12396,3815,788,4599,746,1,69
10,2024-03-04,Email,8883,405,4.56,0.07,30,388,29,19,11,6,22866,5.0,12459,0,152,4599,706,3,58
10,2024-03-04,Referral,0,28,0,0.0,0,28,5,4,3,2,8132,0.0,12468,0,764,4581,1406,7,41
11,2024-03-11,Google Ads,77827,2615,3.36,3.44,8992,2474,52,29,15,8,31464,1124.0,12660,0,553,4570,1281,0,44
11,2024-03-11,Meta Ads,161056,1922,1.19,1.01,1946,1825,81,21,6,1,2631,1946.0,12630,0,511,4690,708,6,54
11,2024-03-11,Organico,25343,1312,5.18,0.04,50,1312,57,40,26,17,58990,2.94,12250,0,210,4620,455,8,39
11,2024-03-11,TikTok Ads,0,0,0,0,0,0,0,0,0,0,0,0,12350,3700,468,4690,1316,7,53
11,2024-03-11,Email,8102,272,3.36,0.11,30,262,21,12,6,2,8020,15.0,12400,0,485,4580,1215,3,44
11,2024-03-11,Referral,0,43,0,0.0,0,43,15,12,9,5,21330,0.0,12510,0,499,4580,1059,4,60
12,2024-03-18,Google Ads,79296,2577,3.25,3.49,8987,2383,44,28,12,6,23922,1497.83,12484,0,740,4753,1302,0,52
12,2024-03-18,Meta Ads,184117,2456,1.33,0.92,2265,2250,129,24,8,1,2903,2265.0,12286,0,531,4676,936,5,55
12,2024-03-18,Organico,25850,1957,7.57,0.03,50,1957,61,50,29,21,79023,2.38,12209,0,515,4577,744,4,55
12,2024-03-18,TikTok Ads,0,0,0,0,0,0,0,0,0,0,0,0,12319,4798,463,4731,102,8,64
12,2024-03-18,Email,8426,258,3.06,0.12,30,249,19,14,9,3,11286,10.0,12341,0,344,4709,1092,1,36
12,2024-03-18,Referral,0,44,0,0.0,0,44,14,12,9,5,20325,0.0,12737,0,145,4632,332,7,42
13,2024-03-25,Google Ads,73101,1996,2.73,4.37,8713,1871,56,35,16,8,37880,1089.12,12396,0,442,4632,1327,8,43
13,2024-03-25,Meta Ads,199657,1983,0.99,1.35,2683,1802,139,31,10,1,2705,2683.0,12924,0,202,4728,1203,7,57
13,2024-03-25,Organico,24162,1761,7.29,0.03,50,1761,57,49,33,24,82656,2.08,12768,0,289,4716,189,5,65
13,2024-03-25,TikTok Ads,0,0,0,0,0,0,0,0,0,0,0,0,12756,4328,729,4800,411,7,37
13,2024-03-25,Email,8182,441,5.39,0.07,30,426,19,15,7,4,12860,7.5,12396,0,469,4800,416,1,65
13,2024-03-25,Referral,0,40,0,0.0,0,40,10,9,7,3,11508,0.0,12756,0,374,4800,1099,8,37
14,2024-04-01,Google Ads,76089,2170,2.85,3.87,8395,2033,44,24,13,7,28035,1199.29,12923,0,220,4682,159,0,55
14,2024-04-01,Meta Ads,205791,2068,1.0,1.06,2197,1840,112,26,8,1,2480,2197.0,12819,0,684,4656,1119,2,49
14,2024-04-01,Organico,26046,1500,5.76,0.03,50,1500,45,31,20,14,52626,3.57,12455,0,125,4747,807,4,75
14,2024-04-01,TikTok Ads,0,0,0,0,0,0,0,0,0,0,0,0,12897,4904,306,4747,718,3,59
14,2024-04-01,Email,8800,248,2.82,0.12,30,240,13,8,5,2,8098,15.0,12845,0,331,4565,1259,0,73
14,2024-04-01,Referral,0,42,0,0.0,0,42,15,14,12,7,30247,0.0,12780,0,274,4825,489,4,43
15,2024-04-08,Google Ads,76327,2942,3.85,3.79,11158,2761,70,46,23,10,44040,1115.8,12784,0,475,4640,511,2,69
15,2024-04-08,Meta Ads,210345,2221,1.06,1.15,2556,1996,92,26,8,2,5404,1278.0,12812,0,167,4766,254,2,49
15,2024-04-08,Organico,28140,2018,7.17,0.02,50,2018,90,78,52,32,115328,1.56,12224,0,320,4808,353,7,58
15,2024-04-08,TikTok Ads,0,0,0,0,0,0,0,0,0,0,0,0,12672,4816,440,4850,860,1,49
15,2024-04-08,Email,8475,369,4.35,0.08,30,367,20,15,9,4,14700,7.5,12742,0,714,4752,338,2,37
15,2024-04-08,Referral,0,46,0,0.0,0,46,12,10,7,5,18190,0.0,12896,0,514,4724,1473,8,61
16,2024-04-15,Google Ads,75425,2707,3.59,4.27,11561,2596,83,55,29,14,63812,825.79,12630,0,504,4785,583,5,41
16,2024-04-15,Meta Ads,216268,2286,1.06,1.43,3271,2114,89,17,5,1,2865,3271.0,12390,0,728,4665,1414,0,38
16,2024-04-15,Organico,27755,1590,5.73,0.03,50,1590,43,34,19,13,44356,3.85,12630,0,288,4725,402,0,52
16,2024-04-15,TikTok Ads,0,0,0,0,0,0,0,0,0,0,0,0,12495,4040,603,4695,457,1,36
16,2024-04-15,Email,8187,292,3.57,0.1,30,288,19,11,6,2,7262,15.0,12435,0,115,4800,1018,5,67
16,2024-04-15,Referral,0,38,0,0.0,0,38,11,9,7,4,17720,0.0,12795,0,519,4875,163,0,65
17,2024-04-22,Google Ads,81157,2547,3.14,2.72,6917,2452,62,45,20,9,36522,768.56,12800,0,689,4900,1298,8,55
17,2024-04-22,Meta Ads,182247,2220,1.22,1.01,2234,2032,116,31,6,1,3187,2234.0,12672,0,490,4804,567,6,56
17,2024-04-22,Organico,27968,1732,6.19,0.03,50,1732,68,51,30,18,60408,2.78,13200,0,118,4612,274,1,62
17,2024-04-22,TikTok Ads,0,0,0,0,0,0,0,0,0,0,0,0,12432,5340,431,4644,1239,0,72
17,2024-04-22,Email,8888,371,4.17,0.08,30,364,22,18,12,5,20685,6.0,12336,0,344,4884,739,5,41
17,2024-04-22,Referral,0,38,0,0.0,0,38,9,8,6,3,13095,0.0,12992,0,167,4708,1275,3,62
18,2024-04-29,Google Ads,81110,3213,3.96,4.14,13291,3074,88,48,25,15,65205,886.07,12306,0,234,4721,732,5,57
18,2024-04-29,Meta Ads,160996,2268,1.41,1.2,2713,2059,94,23,4,1,2620,2713.0,13071,0,479,4823,798,2,58
18,2024-04-29,Organico,25261,1508,5.97,0.03,50,1508,66,53,36,20,65000,2.5,12425,0,328,4823,1455,6,66
18,2024-04-29,TikTok Ads,0,0,0,0,0,0,0,0,0,0,0,0,13207,4741,329,4687,1149,1,57
18,2024-04-29,Email,8440,282,3.34,0.11,30,277,17,13,6,2,7626,15.0,12374,0,57,4687,717,3,43
18,2024-04-29,Referral,0,42,0,0.0,0,42,10,8,6,3,10896,0.0,13071,0,595,4704,1124,8,57
19,2024-05-06,Google Ads,64064,2429,3.79,2.58,6278,2237,75,54,26,14,71554,448.43,13224,0,346,4644,929,0,55
19,2024-05-06,Meta Ads,170395,2493,1.46,1.12,2797,2314,126,27,5,1,2810,2797.0,12450,0,455,4752,795,3,56
19,2024-05-06,Organico,27715,1449,5.23,0.03,50,1449,54,42,24,16,56944,3.12,12594,0,291,4644,399,4,47
19,2024-05-06,TikTok Ads,0,0,0,0,0,0,0,0,0,0,0,0,12666,5246,206,4950,254,2,75
19,2024-05-06,Email,8494,404,4.76,0.07,30,399,24,19,11,5,19195,6.0,13008,0,692,4770,409,7,39
19,2024-05-06,Referral,0,36,0,0.0,0,36,11,10,8,4,14300,0.0,12972,0,522,4842,177,0,58
20,2024-05-13,Google Ads,80813,2113,2.61,4.23,8934,2052,58,37,17,9,34956,992.67,13368,0,635,4975,485,5,73
20,2024-05-13,Meta Ads,187618,1699,0.91,0.84,1432,1507,114,22,6,1,2576,1432.0,12380,0,303,4861,999,8,68
20,2024-05-13,Organico,26826,1634,6.09,0.03,50,1634,70,53,35,24,78072,2.08,13083,0,117,4785,293,8,59
20,2024-05-13,TikTok Ads,0,0,0,0,0,0,0,0,0,0,0,0,12969,4488,791,4956,407,5,40
20,2024-05-13,Email,8570,250,2.92,0.12,30,241,21,16,9,4,16640,7.5,12475,0,367,4918,871,5,43
20,2024-05-13,Referral,0,40,0,0.0,0,40,14,12,10,6,24966,0.0,13311,0,570,4804,137,5,54
21,2024-05-20,Google Ads,66449,1874,2.82,4.39,8236,1778,38,21,8,4,16028,2059.0,13580,0,602,4920,177,5,74
21,2024-05-20,Meta Ads,168080,1787,1.06,0.91,1632,1676,118,32,7,1,2820,1632.0,13220,0,742,4740,1009,4,63
21,2024-05-20,Organico,24853,1420,5.71,0.04,50,1420,62,52,35,20,75680,2.5,13420,0,522,4780,882,8,68
21,2024-05-20,TikTok Ads,225363,3069,1.36,0.5,1534,2757,83,8,1,0,0,0,12600,4620,135,4700,658,7,67
21,2024-05-20,Email,8200,312,3.8,0.1,30,311,15,10,5,2,6508,15.0,13300,0,564,4820,582,6,40
21,2024-05-20,Referral,0,33,0,0.0,0,33,6,5,4,2,8620,0.0,12660,0,190,4620,687,7,43
22,2024-05-27,Google Ads,79207,2537,3.2,3.73,9464,2471,45,26,10,6,30276,1577.33,13449,0,163,4794,586,4,42
22,2024-05-27,Meta Ads,163357,1786,1.09,1.36,2421,1628,72,20,5,0,0,0,12945,0,785,4689,696,6,35
22,2024-05-27,Organico,26852,1536,5.72,0.03,50,1536,51,41,23,17,55573,2.94,13659,0,569,4962,141,6,65
22,2024-05-27,TikTok Ads,199366,3163,1.59,0.59,1855,2877,66,7,1,0,0,0,13197,4277,95,4836,1218,5,46
22,2024-05-27,Email,8780,399,4.54,0.08,30,398,25,16,8,4,16664,7.5,13533,0,87,4794,512,0,47
22,2024-05-27,Referral,0,45,0,0.0,0,45,11,9,7,4,15936,0.0,12987,0,87,5025,491,4,57
23,2024-06-03,Google Ads,65964,1696,2.57,3.81,6464,1588,50,31,14,7,32137,923.43,13276,0,241,4940,1118,5,68
23,2024-06-03,Meta Ads,142292,1220,0.86,1.1,1338,1110,88,15,3,0,0,0,13144,0,363,4918,1334,6,45
23,2024-06-03,Organico,22056,1335,6.05,0.04,50,1335,34,29,17,12,41772,4.17,12484,0,126,5050,931,5,67
23,2024-06-03,TikTok Ads,203891,3831,1.88,0.88,3357,3300,87,16,2,0,0,0,13342,4952,442,5006,166,2,63
23,2024-06-03,Email,8881,321,3.61,0.09,30,317,21,15,8,4,13820,7.5,12638,0,76,4720,1122,8,59
23,2024-06-03,Referral,0,37,0,0.0,0,37,8,7,5,2,8252,0.0,13122,0,760,4940,509,1,43
24,2024-06-10,Google Ads,65797,2091,3.18,4.3,8985,1979,38,26,13,6,27066,1497.5,12529,0,613,5006,694,4,45
24,2024-06-10,Meta Ads,162722,2358,1.45,1.25,2938,2206,133,22,5,0,0,0,12414,0,419,5006,1272,5,64
24,2024-06-10,Organico,22540,1500,6.65,0.03,50,1500,55,39,23,17,62730,2.94,13541,0,469,5029,251,2,55
24,2024-06-10,TikTok Ads,194985,3217,1.65,0.74,2380,2823,85,16,3,0,0,0,13610,5432,106,4684,1161,2,54
24,2024-06-10,Email,8214,284,3.46,0.11,30,279,15,12,8,4,13824,7.5,12920,0,700,5006,662,2,75
24,2024-06-10,Referral,0,26,0,0.0,0,26,7,6,4,2,7314,0.0,12828,0,724,5052,1339,5,71
25,2024-06-17,Google Ads,51310,1947,3.79,2.66,5183,1902,59,35,15,8,40520,647.88,12432,0,559,5100,1217,4,54
25,2024-06-17,Meta Ads,152217,2075,1.36,1.28,2654,1869,80,12,3,0,0,0,13392,0,671,4716,740,5,57
25,2024-06-17,Organico,23270,1254,5.39,0.04,50,1254,40,32,19,12,41676,4.17,13728,0,303,4716,298,0,53
25,2024-06-17,TikTok Ads,211986,4375,2.06,0.61,2664,4055,124,24,6,1,2394,2664.0,12840,5492,577,4956,1121,4,66
25,2024-06-17,Email,8094,431,5.32,0.07,30,420,37,24,13,5,18530,6.0,13800,0,342,5028,116,1,62
25,2024-06-17,Referral,0,23,0,0.0,0,23,5,4,3,1,3552,0.0,12936,0,421,5028,691,1,59
26,2024-06-24,Google Ads,59575,2172,3.65,3.06,6645,2127,62,35,19,10,44940,664.5,13525,0,197,4775,1333,8,60
26,2024-06-24,Meta Ads,153003,1272,0.83,0.9,1139,1149,67,14,4,0,0,0,13375,0,216,4925,1362,4,72
26,2024-06-24,Organico,20554,1538,7.48,0.03,50,1538,54,44,26,18,64386,2.78,13425,0,739,4700,953,4,75
26,2024-06-24,TikTok Ads,160444,2686,1.67,0.88,2373,2451,70,11,2,0,0,0,13575,4450,747,4800,164,1,47
26,2024-06-24,Email,8091,278,3.44,0.11,30,266,19,13,8,4,16372,7.5,12550,0,772,4725,1162,3,70
26,2024-06-24,Referral,0,26,0,0.0,0,26,8,7,5,2,8868,0.0,13450,0,609,4900,1484,4,74
27,2024-07-01,Google Ads,48767,1919,3.94,3.06,5868,1799,61,45,23,13,62413,451.38,13430,0,541,4916,1247,4,53
27,2024-07-01,Meta Ads,111706,1422,1.27,1.07,1515,1348,98,28,8,1,2694,1515.0,12650,0,404,4994,1443,4,65
27,2024-07-01,Organico,16498,1234,7.48,0.04,50,1234,37,29,17,9,34200,5.56,13170,0,298,4656,1471,8,49
27,2024-07-01,TikTok Ads,160373,2008,1.25,0.61,1218,1822,35,6,0,0,0,0,13742,6178,537,5020,1432,3,53
27,2024-07-01,Email,8347,370,4.43,0.08,30,368,16,11,6,3,12477,10.0,12494,0,229,4968,460,0,60
27,2024-07-01,Referral,0,28,0,0.0,0,28,6,5,4,2,7076,0.0,12416,0,355,5098,1334,1,56
28,2024-07-08,Google Ads,45833,1825,3.98,3.59,6545,1733,58,41,19,9,36270,727.22,13539,0,216,5013,1427,4,46
28,2024-07-08,Meta Ads,107632,1115,1.04,1.01,1122,1033,49,11,3,0,0,0,14160,0,385,4689,920,1,46
28,2024-07-08,Organico,19185,1234,6.43,0.04,50,1234,53,37,22,14,48622,3.57,13539,0,359,5121,1273,0,51
28,2024-07-08,TikTok Ads,161100,3049,1.89,0.43,1314,2620,58,8,1,0,0,0,13458,6416,170,5175,704,5,74
28,2024-07-08,Email,8262,443,5.36,0.07,30,431,27,22,12,6,24804,5.0,14025,0,600,4797,606,1,68
28,2024-07-08,Referral,0,23,0,0.0,0,23,7,6,5,2,8120,0.0,14133,0,257,5121,1199,2,45
29,2024-07-15,Google Ads,46473,1524,3.28,2.73,4164,1420,39,22,10,6,28368,694.0,12868,0,575,5004,1035,0,70
29,2024-07-15,Meta Ads,124577,1700,1.36,1.31,2220,1543,112,29,8,1,2752,2220.0,12644,0,604,4668,241,7,37
29,2024-07-15,Organico,16754,928,5.54,0.05,50,928,25,20,13,9,32247,5.56,13764,0,509,4976,869,1,69
29,2024-07-15,TikTok Ads,137044,2823,2.06,0.46,1296,2623,61,7,1,0,0,0,12476,5124,524,5116,968,8,59
29,2024-07-15,Email,8774,284,3.24,0.11,30,274,14,11,7,2,8056,15.0,13904,0,679,4640,592,3,39
29,2024-07-15,Referral,0,18,0,0.0,0,18,3,2,1,0,0,0,12560,0,461,5032,579,8,48
30,2024-07-22,Google Ads,52739,1932,3.66,2.78,5371,1892,41,30,14,7,36239,767.29,13624,0,292,4906,393,8,49
30,2024-07-22,Meta Ads,122732,1218,0.99,1.19,1449,1122,77,13,3,0,0,0,13711,0,708,4993,1174,5,61
30,2024-07-22,Organico,17178,1013,5.9,0.05,50,1013,29,23,13,7,23429,7.14,14146,0,109,5138,945,6,70
30,2024-07-22,TikTok Ads,155385,2468,1.59,0.53,1301,2163,41,6,1,0,0,0,12609,5066,436,5196,1334,0,39
30,2024-07-22,Email,8234,394,4.79,0.08,30,388,26,18,12,5,20895,6.0,12464,0,266,4819,340,7,50
30,2024-07-22,Referral,0,27,0,0.0,0,27,9,8,6,3,11367,0.0,13827,0,527,5138,1428,5,54
31,2024-07-29,Google Ads,45494,1487,3.27,3.49,5196,1376,47,30,15,9,41031,577.33,13650,0,473,4680,1252,3,44
31,2024-07-29,Meta Ads,107713,1278,1.19,1.21,1544,1189,61,10,2,0,0,0,14340,0,613,5250,791,4,66
31,2024-07-29,Organico,19132,1324,6.92,0.04,50,1324,46,33,22,12,45108,4.17,14310,0,238,5160,1414,0,68
31,2024-07-29,TikTok Ads,132462,2711,2.05,0.87,2365,2449,70,10,2,0,0,0,13020,4130,273,5130,1033,5,38
31,2024-07-29,Email,8600,387,4.5,0.08,30,379,24,17,8,4,12848,7.5,12510,0,592,4890,1197,4,36
31,2024-07-29,Referral,0,24,0,0.0,0,24,8,7,6,3,13320,0.0,12810,0,586,4770,593,3,74
32,2024-08-05,Google Ads,35277,1313,3.72,3.03,3984,1239,30,18,8,5,21310,796.8,13643,0,750,4717,1438,0,40
32,2024-08-05,Meta Ads,87442,930,1.06,1.13,1053,859,58,9,2,0,0,0,12837,0,590,4686,570,3,71
32,2024-08-05,Organico,12438,639,5.14,0.08,50,639,16,13,8,5,16165,10.0,13147,0,372,4655,524,2,60
32,2024-08-05,TikTok Ads,124152,1861,1.5,0.68,1269,1666,49,8,1,0,0,0,12992,6848,791,4717,1125,5,38
32,2024-08-05,Email,8158,260,3.19,0.12,30,247,17,12,7,4,14136,7.5,12558,0,699,4903,1022,7,49
32,2024-08-05,Referral,0,15,0,0.0,0,15,5,4,3,2,7174,0.0,13612,0,302,4717,268,4,44
33,2024-08-12,Google Ads,33739,1240,3.68,2.81,3482,1169,28,15,8,4,17408,870.5,12896,0,185,4724,483,6,63
33,2024-08-12,Meta Ads,91538,1060,1.16,0.87,924,939,58,13,4,1,2412,924.0,13664,0,473,5044,273,8,50
33,2024-08-12,Organico,12679,698,5.51,0.07,50,698,22,15,8,5,16320,10.0,13152,0,495,4916,962,4,65
33,2024-08-12,TikTok Ads,119327,1862,1.56,0.87,1623,1690,42,7,1,0,0,0,14080,5484,685,5044,774,7,56
33,2024-08-12,Email,8441,419,4.96,0.07,30,411,28,18,11,5,18450,6.0,13760,0,231,5044,753,4,75
33,2024-08-12,Referral,0,17,0,0.0,0,17,5,4,3,2,7804,0.0,13952,0,166,5236,509,8,46
34,2024-08-19,Google Ads,36907,1227,3.32,4.41,5406,1162,34,21,9,5,23185,1081.2,14574,0,192,5325,720,3,51
34,2024-08-19,Meta Ads,94283,1226,1.3,1.35,1657,1085,86,19,4,0,0,0,14244,0,606,4698,836,8,73
34,2024-08-19,Organico,12845,674,5.25,0.07,50,674,27,22,13,8,25960,6.25,14178,0,389,5094,316,0,41
34,2024-08-19,TikTok Ads,102038,1745,1.71,0.66,1150,1564,40,6,1,0,0,0,14607,4787,403,4665,1088,1,53
34,2024-08-19,Email,8428,453,5.37,0.07,30,432,37,23,12,5,17055,6.0,14508,0,406,5160,299,7,63
34,2024-08-19,Referral,0,15,0,0.0,0,15,3,2,1,0,0,0,12924,0,743,4830,599,8,46
35,2024-08-26,Google Ads,35545,1065,3.0,3.35,3570,1009,31,20,8,4,18440,892.5,12612,0,678,4874,1020,6,59
35,2024-08-26,Meta Ads,76620,728,0.95,0.99,724,676,48,11,3,0,0,0,13904,0,251,5146,333,4,66
35,2024-08-26,Organico,12569,869,6.91,0.06,50,869,32,25,15,9,33012,5.56,13258,0,739,4976,1358,1,43
35,2024-08-26,TikTok Ads,103835,1493,1.44,0.46,684,1313,26,3,0,0,0,0,13292,6288,700,5248,1421,2,70
35,2024-08-26,Email,8216,276,3.36,0.11,30,264,21,15,10,5,18480,6.0,13088,0,249,5078,1250,8,66
35,2024-08-26,Referral,0,16,0,0.0,0,16,4,3,2,1,4078,0.0,12612,0,275,4976,166,4,49
36,2024-09-02,Google Ads,92026,2532,2.75,3.41,8645,2442,75,49,20,9,44208,960.56,14135,0,605,4710,1003,8,48
36,2024-09-02,Meta Ads,268382,2339,0.87,1.38,3230,2181,113,33,8,1,2489,3230.0,14485,0,170,4920,529,5,74
36,2024-09-02,Organico,33363,1834,5.5,0.03,50,1834,50,36,20,11,39149,4.55,13750,0,661,5270,444,5,53
36,2024-09-02,TikTok Ads,267924,3931,1.47,0.83,3258,3651,100,11,3,0,0,0,13750,7105,179,4815,611,2,55
36,2024-09-02,Email,8779,420,4.78,0.07,30,413,26,19,10,4,14648,7.5,12840,0,698,4745,925,8,52
36,2024-09-02,Referral,0,50,0,0.0,0,50,18,16,13,8,35112,0.0,12910,0,798,5165,1400,5,39
37,2024-09-09,Google Ads,99072,3067,3.1,4.44,13606,2973,78,47,20,11,44737,1236.91,14772,0,401,4716,194,1,75
37,2024-09-09,Meta Ads,253929,2848,1.12,0.89,2526,2677,154,23,7,1,3105,2526.0,13116,0,715,5004,425,4,40
37,2024-09-09,Organico,33504,1926,5.75,0.03,50,1926,62,53,30,18,63216,2.78,13584,0,489,5400,286,1,35
37,2024-09-09,TikTok Ads,261411,3340,1.28,0.7,2327,2977,72,7,1,0,0,0,13116,6416,122,4932,884,1,41
37,2024-09-09,Email,8162,294,3.6,0.1,30,283,16,12,8,4,15572,7.5,13188,0,120,5256,1253,0,74
37,2024-09-09,Referral,0,49,0,0.0,0,49,14,12,10,5,19605,0.0,14556,0,272,4752,305,2,42
38,2024-09-16,Google Ads,93445,2874,3.08,4.43,12721,2698,54,32,13,7,35196,1817.29,13887,0,757,4685,1448,4,48
38,2024-09-16,Meta Ads,235245,2720,1.16,1.32,3599,2449,103,29,9,2,5030,1799.5,13665,0,561,5425,1316,1,68
38,2024-09-16,Organico,35026,1763,5.03,0.03,50,1763,56,42,25,17,61710,2.94,14257,0,609,4870,1064,1,36
38,2024-09-16,TikTok Ads,293495,3562,1.21,0.51,1809,3290,102,15,2,0,0,0,14516,6238,768,5129,268,8,69
38,2024-09-16,Email,8598,286,3.33,0.1,30,276,18,11,7,3,10800,10.0,12851,0,367,5166,588,0,50
38,2024-09-16,Referral,0,34,0,0.0,0,34,9,8,6,3,12777,0.0,13369,0,172,4685,381,0,45
39,2024-09-23,Google Ads,90902,2745,3.02,3.53,9702,2660,59,36,18,11,44451,882.0,12684,0,393,5184,657,8,39
39,2024-09-23,Meta Ads,217359,3222,1.48,1.24,3992,2947,178,28,9,1,2561,3992.0,13786,0,155,5374,1480,1,49
39,2024-09-23,Organico,34065,1705,5.01,0.03,50,1705,71,49,27,16,53648,3.12,13406,0,86,5336,1442,6,49
39,2024-09-23,TikTok Ads,270710,4375,1.62,0.76,3325,3813,72,10,2,0,0,0,13634,6768,97,5146,241,7,53
39,2024-09-23,Email,8732,299,3.42,0.1,30,285,17,11,6,3,11871,10.0,13748,0,525,5108,1311,7,47
39,2024-09-23,Referral,0,51,0,0.0,0,51,15,13,10,7,24668,0.0,13672,0,604,5108,1402,0,56
40,2024-09-30,Google Ads,77389,2697,3.48,4.2,11322,2598,51,33,14,7,27454,1617.43,13287,0,778,5007,290,0,49
40,2024-09-30,Meta Ads,261889,3047,1.16,1.29,3932,2760,217,35,7,1,2803,3932.0,12936,0,656,5397,227,6,43
40,2024-09-30,Organico,30789,1780,5.78,0.03,50,1780,55,46,30,20,70500,2.5,14808,0,328,4968,252,3,43
40,2024-09-30,TikTok Ads,310018,5532,1.78,0.48,2642,4774,117,17,3,0,0,0,14808,5801,524,5007,345,1,45
40,2024-09-30,Email,8761,298,3.4,0.1,30,293,20,13,8,3,11784,10.0,13794,0,414,5163,1151,0,54
40,2024-09-30,Referral,0,38,0,0.0,0,38,15,12,9,5,21330,0.0,13794,0,146,5241,308,2,42
41,2024-10-07,Google Ads,83651,3133,3.75,4.47,13989,2906,92,57,28,16,79872,874.31,13920,0,126,4700,232,3,63
41,2024-10-07,Meta Ads,275382,2380,0.86,1.39,3315,2229,100,29,6,1,2843,3315.0,14600,0,558,4700,883,6,46
41,2024-10-07,Organico,33977,2624,7.72,0.02,50,2624,80,62,35,23,79373,2.17,14080,0,560,5220,1227,7,38
41,2024-10-07,TikTok Ads,269905,4272,1.58,0.61,2604,3850,112,14,3,0,0,0,14520,8300,780,5140,1082,8,66
41,2024-10-07,Email,8367,351,4.2,0.09,30,339,18,10,6,2,8060,15.0,14000,0,109,5300,1184,5,72
41,2024-10-07,Referral,0,63,0,0.0,0,63,24,20,16,9,39015,0.0,12880,0,274,5420,895,5,46
42,2024-10-14,Google Ads,88477,2998,3.39,4.11,12329,2883,96,53,26,16,79264,770.56,13353,0,626,4951,1108,8,54
42,2024-10-14,Meta Ads,227472,1880,0.83,0.84,1577,1733,70,15,3,0,0,0,14378,0,784,4910,762,0,36
42,2024-10-14,Organico,32533,2314,7.11,0.02,50,2314,64,46,28,17,55658,2.94,14542,0,771,5197,1300,1,56
42,2024-10-14,TikTok Ads,289683,3871,1.34,0.48,1853,3584,104,22,5,0,0,0,14460,5468,731,5443,459,6,54
42,2024-10-14,Email,8698,294,3.38,0.1,30,281,11,8,4,2,7978,15.0,12779,0,236,5484,751,3,75
42,2024-10-14,Referral,0,50,0,0.0,0,50,19,16,13,7,26789,0.0,13476,0,701,4787,1472,5,63
43,2024-10-21,Google Ads,83635,2353,2.81,3.89,9144,2214,69,47,19,10,46590,914.4,13512,0,473,5340,875,5,69
43,2024-10-21,Meta Ads,242576,3347,1.38,1.35,4525,3080,216,39,10,2,4868,2262.5,14184,0,70,5130,634,1,39
43,2024-10-21,Organico,33892,2597,7.66,0.02,50,2597,73,52,35,26,92196,1.92,15192,0,771,4710,983,2,73
43,2024-10-21,TikTok Ads,344013,4668,1.36,0.45,2103,4044,83,15,3,0,0,0,14142,5936,293,4836,201,6,71
43,2024-10-21,Email,8542,339,3.97,0.09,30,322,12,7,4,2,7382,15.0,13680,0,149,4710,523,2,75
43,2024-10-21,Referral,0,42,0,0.0,0,42,9,8,6,3,12000,0.0,14016,0,143,5550,1214,6,46
44,2024-10-28,Google Ads,94208,2894,3.07,2.87,8314,2670,68,40,21,11,45199,755.82,13161,0,137,5188,1208,6,72
44,2024-10-28,Meta Ads,231399,1949,0.84,1.07,2087,1786,140,35,11,2,5282,1043.5,15225,0,356,4801,908,0,67
44,2024-10-28,Organico,35498,2325,6.55,0.02,50,2325,84,73,41,30,109770,1.67,13591,0,221,4973,494,2,37
44,2024-10-28,TikTok Ads,300919,6584,2.19,0.62,4066,6121,163,32,5,1,2268,4066.0,13118,6467,619,5231,1230,5,52
44,2024-10-28,Email,8516,447,5.25,0.07,30,424,31,23,15,6,20118,5.0,13419,0,630,5489,1293,1,41
44,2024-10-28,Referral,0,50,0,0.0,0,50,11,9,7,4,15680,0.0,14064,0,442,5575,1094,7,37
45,2024-11-04,Google Ads,72583,2253,3.1,3.74,8418,2164,53,33,17,9,35100,935.33,15300,0,325,5204,141,5,54
45,2024-11-04,Meta Ads,195259,2714,1.39,1.4,3801,2518,198,36,8,2,6384,1900.5,14464,0,325,5292,1338,1,47
45,2024-11-04,Organico,28414,2199,7.74,0.02,50,2199,72,56,35,21,68397,2.38,15520,0,212,4808,737,8,60
45,2024-11-04,TikTok Ads,225345,4622,2.05,0.84,3880,3939,81,16,4,0,0,0,12924,6404,771,4984,661,5,64
45,2024-11-04,Email,8504,374,4.4,0.08,30,357,14,9,5,2,8182,15.0,15300,0,650,5468,816,5,45
45,2024-11-04,Referral,0,48,0,0.0,0,48,12,11,8,4,14200,0.0,13540,0,635,4984,553,3,48
46,2024-11-11,Google Ads,74923,2333,3.11,2.54,5926,2255,70,38,20,11,55341,538.73,12720,0,279,5085,1345,4,52
46,2024-11-11,Meta Ads,202268,2151,1.06,1.04,2245,1930,113,28,9,1,2504,2245.0,12675,0,573,5220,1249,4,54
46,2024-11-11,Organico,29810,1921,6.44,0.03,50,1921,60,44,26,15,52575,3.33,13755,0,203,5445,592,0,73
46,2024-11-11,TikTok Ads,245721,3733,1.52,0.47,1754,3180,79,10,2,0,0,0,12855,7730,775,5535,488,5,49
46,2024-11-11,Email,8658,382,4.41,0.08,30,371,32,22,12,5,19365,6.0,13710,0,350,4860,1064,2,51
46,2024-11-11,Referral,0,45,0,0.0,0,45,14,13,11,8,33360,0.0,13170,0,277,5220,557,4,61
47,2024-11-18,Google Ads,87457,2621,3.0,3.02,7918,2457,79,50,26,14,70994,565.57,13104,0,533,5006,1124,1,59
47,2024-11-18,Meta Ads,208852,2274,1.09,1.41,3205,2025,161,32,11,3,8604,1068.33,13518,0,373,4960,265,7,56
47,2024-11-18,Organico,29503,1631,5.53,0.03,50,1631,61,42,24,16,53952,3.12,13610,0,551,4822,365,6,75
47,2024-11-18,TikTok Ads,247642,4034,1.63,0.64,2576,3430,87,16,4,0,0,0,13794,4512,742,4730,1383,3,49
47,2024-11-18,Email,8664,306,3.53,0.1,30,292,17,12,6,3,10515,10.0,14392,0,516,5466,1321,8,56
47,2024-11-18,Referral,0,38,0,0.0,0,38,12,10,8,5,21340,0.0,13794,0,218,5282,139,3,49
48,2024-11-25,Google Ads,85986,2318,2.7,3.97,9198,2214,46,28,13,5,25555,1839.6,14209,0,597,5628,199,0,41
48,2024-11-25,Meta Ads,216536,1762,0.81,1.28,2260,1601,88,20,5,0,0,0,12752,0,358,5346,1455,1,68
48,2024-11-25,Organico,27427,1869,6.81,0.03,50,1869,51,43,24,16,53120,3.12,14397,0,166,4876,1119,3,73
48,2024-11-25,TikTok Ads,230210,3367,1.46,0.66,2227,2916,81,10,1,0,0,0,15572,6414,290,4735,126,1,42
48,2024-11-25,Email,8784,395,4.5,0.08,30,378,16,11,7,2,6924,15.0,14068,0,517,5158,640,7,38
48,2024-11-25,Referral,0,30,0,0.0,0,30,7,5,3,2,7640,0.0,15243,0,168,4876,193,0,43
49,2024-12-02,Google Ads,55072,1517,2.75,3.21,4877,1435,40,29,12,7,29218,696.71,13392,0,460,5316,1034,4,59
49,2024-12-02,Meta Ads,142691,1619,1.13,1.1,1773,1525,71,12,3,0,0,0,13344,0,476,5604,1088,7,46
49,2024-12-02,Organico,19167,1406,7.34,0.04,50,1406,52,44,30,20,66660,2.5,15648,0,549,4884,942,7,37
49,2024-12-02,TikTok Ads,143385,2659,1.85,0.41,1080,2444,61,11,2,0,0,0,14784,7628,585,5652,295,6,50
49,2024-12-02,Email,8484,381,4.49,0.08,30,374,17,13,8,4,12844,7.5,13680,0,567,5460,1115,2,39
49,2024-12-02,Referral,0,30,0,0.0,0,30,7,6,4,2,8126,0.0,15024,0,462,5076,261,7,63
50,2024-12-09,Google Ads,57244,1815,3.17,4.21,7646,1718,34,22,10,4,18576,1911.5,12931,0,620,5578,100,1,73
50,2024-12-09,Meta Ads,153758,1916,1.25,1.42,2726,1761,116,25,6,1,2628,2726.0,15577,0,389,5578,1369,7,58
50,2024-12-09,Organico,19559,1044,5.34,0.05,50,1044,41,30,18,12,41976,4.17,15038,0,768,4892,193,2,66
50,2024-12-09,TikTok Ads,147202,2821,1.92,0.76,2146,2421,64,7,1,0,0,0,13911,8939,396,4892,948,0,75
50,2024-12-09,Email,8786,374,4.26,0.08,30,369,23,17,11,4,14840,7.5,12735,0,593,4794,1233,6,72
50,2024-12-09,Referral,0,25,0,0.0,0,25,7,6,4,2,8496,0.0,13519,0,156,5333,1446,5,67
51,2024-12-16,Google Ads,58506,1830,3.13,3.72,6803,1759,39,24,10,5,20365,1360.6,13600,0,472,5700,1149,4,70
51,2024-12-16,Meta Ads,149608,1942,1.3,1.45,2825,1794,86,20,4,0,0,0,13550,0,777,5750,464,8,69
51,2024-12-16,Organico,19478,1162,5.97,0.04,50,1162,31,23,14,9,32643,5.56,14550,0,482,4750,1170,1,36
51,2024-12-16,TikTok Ads,159103,1993,1.25,0.43,853,1736,50,10,2,0,0,0,14600,5800,604,4800,834,7,41
51,2024-12-16,Email,8598,389,4.52,0.08,30,380,19,14,8,4,16060,7.5,14550,0,759,4800,881,6,61
51,2024-12-16,Referral,0,33,0,0.0,0,33,13,11,9,4,15028,0.0,14000,0,685,5450,561,5,72
52,2024-12-23,Google Ads,53234,1812,3.4,4.05,7342,1771,40,23,11,5,20775,1468.4,16080,0,172,5367,183,6,52
52,2024-12-23,Meta Ads,137292,1223,0.89,1.21,1478,1098,58,14,3,0,0,0,13071,0,690,5724,1455,4,66
52,2024-12-23,Organico,19837,1319,6.65,0.04,50,1319,34,28,17,12,44796,4.17,13173,0,567,5010,951,8,69
52,2024-12-23,TikTok Ads,160219,2482,1.55,0.84,2089,2241,50,6,1,0,0,0,12816,5234,734,5316,1012,3,74
52,2024-12-23,Email,8855,286,3.23,0.1,30,272,22,15,9,3,10386,10.0,14601,0,75,5571,867,8,67
52,2024-12-23,Referral,0,25,0,0.0,0,25,5,4,3,1,4470,0.0,13377,0,221,5622,1192,0,75
53,2024-12-30,Google Ads,45656,1600,3.5,4.05,6475,1555,39,22,10,5,23455,1295.0,13248,0,752,4968,148,7,56
53,2024-12-30,Meta Ads,116284,989,0.85,0.92,914,887,37,10,3,0,0,0,15432,0,493,5280,134,6,42
53,2024-12-30,Organico,18880,1307,6.92,0.04,50,1307,48,40,25,17,55658,2.94,15120,0,564,4916,693,4,73
53,2024-12-30,TikTok Ads,144532,2840,1.96,0.62,1757,2503,68,10,2,0,0,0,14704,8752,197,5228,1487,5,35
53,2024-12-30,Email,8545,355,4.15,0.08,30,339,13,9,5,2,7024,15.0,14132,0,793,5332,533,6,67
53,2024-12-30,Referral,0,20,0,0.0,0,20,4,3,2,1,4187,0.0,13092,0,612,5488,1420,8,39
54,2025-01-06,Google Ads,62323,1621,2.6,2.7,4370,1561,41,25,10,5,20020,874.0,14703,0,684,4871,496,5,66
54,2025-01-06,Meta Ads,168468,2074,1.23,1.01,2102,1909,119,24,5,1,2404,2102.0,14915,0,302,5136,1412,6,52
54,2025-01-06,Organico,25365,1370,5.4,0.04,50,1370,54,46,28,17,59704,2.94,16081,0,614,4924,459,1,52
54,2025-01-06,TikTok Ads,231491,3101,1.34,0.67,2075,2701,82,8,1,0,0,0,12954,8482,642,5401,1308,3,37
54,2025-01-06,Email,8543,352,4.12,0.09,30,351,22,17,9,4,15960,7.5,14756,0,187,5507,1126,8,40
54,2025-01-06,Referral,0,31,0,0.0,0,31,9,8,7,4,16512,0.0,13908,0,576,4977,1013,2,46
55,2025-01-13,Google Ads,67823,2271,3.35,4.24,9639,2109,64,47,19,11,47014,876.27,13242,0,320,5364,579,0,48
55,2025-01-13,Meta Ads,171917,2327,1.35,1.07,2493,2197,165,25,7,1,2933,2493.0,14700,0,319,5742,1214,2,59
55,2025-01-13,Organico,24479,1492,6.1,0.03,50,1492,56,47,29,18,61704,2.78,15564,0,411,5364,1097,7,73
55,2025-01-13,TikTok Ads,178063,3707,2.08,0.62,2298,3219,81,10,1,0,0,0,13620,9116,285,5472,776,1,65
55,2025-01-13,Email,8648,340,3.93,0.09,30,333,24,16,8,3,11418,10.0,13890,0,187,5850,1149,0,71
55,2025-01-13,Referral,0,26,0,0.0,0,26,6,5,4,2,8984,0.0,12918,0,786,5256,275,3,63
56,2025-01-20,Google Ads,68625,2200,3.21,3.46,7619,2052,51,29,14,8,40608,952.38,16400,0,320,5050,801,7,73
56,2025-01-20,Meta Ads,175647,1687,0.96,1.07,1804,1497,71,19,5,1,2553,1804.0,13485,0,231,5600,1359,0,69
56,2025-01-20,Organico,23765,1272,5.35,0.04,50,1272,44,31,19,13,47333,3.85,15740,0,429,4830,1185,6,49
56,2025-01-20,TikTok Ads,236489,3978,1.68,0.78,3120,3492,102,21,5,0,0,0,13760,6360,538,5160,271,4,73
56,2025-01-20,Email,8820,328,3.72,0.09,30,314,23,18,11,4,12828,7.5,15465,0,720,5105,746,6,58
56,2025-01-20,Referral,0,25,0,0.0,0,25,7,6,4,2,8156,0.0,15355,0,676,5215,1493,6,48
57,2025-01-27,Google Ads,64768,2380,3.67,3.46,8246,2242,61,36,16,8,36920,1030.75,13792,0,725,4948,570,7,45
57,2025-01-27,Meta Ads,150494,1739,1.16,1.35,2348,1627,105,26,5,1,3051,2348.0,12840,0,143,5004,1065,6,40
57,2025-01-27,Organico,21679,1228,5.66,0.04,50,1228,32,22,13,9,33597,5.56,14856,0,778,5844,217,2,75
57,2025-01-27,TikTok Ads,208646,2526,1.21,0.83,2084,2335,58,7,1,0,0,0,14464,8988,223,4836,836,3,35
57,2025-01-27,Email,8904,245,2.75,0.12,30,236,14,10,5,2,6430,15.0,13288,0,142,5732,682,8,72
57,2025-01-27,Referral,0,30,0,0.0,0,30,11,9,7,4,17808,0.0,15696,0,638,4780,634,2,61
58,2025-02-03,Google Ads,66624,2223,3.34,3.51,7794,2090,41,26,11,6,29862,1299.0,14679,0,760,5583,872,7,50
58,2025-02-03,Meta Ads,184208,2713,1.47,1.12,3041,2474,157,24,5,0,0,0,14451,0,743,5184,746,6,57
58,2025-02-03,Organico,23828,1198,5.03,0.04,50,1198,49,36,20,13,46150,3.85,13368,0,617,5070,1075,5,57
58,2025-02-03,TikTok Ads,191354,3394,1.77,0.49,1667,3087,95,11,2,0,0,0,14736,6122,284,5127,611,5,44
58,2025-02-03,Email,8737,249,2.85,0.12,30,237,20,14,7,3,12540,10.0,13140,0,543,5412,1371,5,66
58,2025-02-03,Referral,0,41,0,0.0,0,41,15,13,10,5,21410,0.0,16560,0,336,5469,554,2,38
59,2025-02-10,Google Ads,67013,2100,3.13,4.38,9196,1936,46,33,17,9,36414,1021.78,16234,0,373,4790,124,3,59
59,2025-02-10,Meta Ads,175155,1800,1.03,1.23,2212,1616,100,18,4,0,0,0,14204,0,560,5544,531,6,58
59,2025-02-10,Organico,23109,1433,6.2,0.03,50,1433,48,38,26,17,56134,2.94,14842,0,291,5776,985,6,47
59,2025-02-10,TikTok Ads,186794,4033,2.16,0.47,1914,3687,75,11,3,0,0,0,15190,10460,548,5312,613,8,71
59,2025-02-10,Email,8115,226,2.78,0.13,30,216,10,6,4,1,3962,30.0,15306,0,316,5428,837,8,70
59,2025-02-10,Referral,0,41,0,0.0,0,41,10,8,6,4,17944,0.0,14320,0,640,5834,1430,8,46
60,2025-02-17,Google Ads,76063,2226,2.93,3.15,7012,2116,65,41,16,9,42741,779.11,13947,0,221,5975,790,6,75
60,2025-02-17,Meta Ads,176761,1914,1.08,1.43,2746,1694,91,17,5,1,3019,2746.0,15835,0,327,5621,843,8,63
60,2025-02-17,Organico,23341,1295,5.55,0.04,50,1295,32,26,16,11,36091,4.55,14419,0,220,5503,310,1,39
60,2025-02-17,TikTok Ads,236386,3955,1.67,0.43,1688,3605,91,19,3,0,0,0,15776,6981,284,5208,681,7,75
60,2025-02-17,Email,8182,333,4.07,0.09,30,319,13,8,5,2,7356,15.0,14891,0,611,5621,376,8,46
60,2025-02-17,Referral,0,35,0,0.0,0,35,10,9,7,4,16620,0.0,15186,0,405,5680,1205,3,40
61,2025-02-24,Google Ads,65340,1992,3.05,3.02,6015,1868,33,23,12,6,28560,1002.5,12960,0,754,5700,1077,4,35
61,2025-02-24,Meta Ads,184639,2508,1.36,1.22,3054,2346,145,25,8,1,2655,3054.0,14100,0,782,6000,898,6,49
61,2025-02-24,Organico,22624,1417,6.26,0.04,50,1417,42,35,24,17,59126,2.94,15060,0,714,5820,650,6,47
61,2025-02-24,TikTok Ads,231163,3195,1.38,0.54,1740,2878,76,10,2,0,0,0,14040,5060,597,4800,480,1,53
61,2025-02-24,Email,8303,385,4.64,0.08,30,379,19,12,7,3,10557,10.0,16680,0,430,5640,164,5,40
61,2025-02-24,Referral,0,40,0,0.0,0,40,15,12,10,5,19905,0.0,14280,0,246,5280,881,0,42
62,2025-03-03,Google Ads,79966,2856,3.57,3.27,9337,2794,62,46,19,11,43912,848.82,14501,0,534,5537,1495,4,55
62,2025-03-03,Meta Ads,161565,2116,1.31,1.32,2795,1943,87,19,4,0,0,0,14562,0,165,5232,1396,6,55
62,2025-03-03,Organico,22575,1666,7.38,0.03,50,1666,61,47,27,20,75900,2.5,16575,0,754,5964,417,5,40
62,2025-03-03,TikTok Ads,203415,3457,1.7,0.74,2568,3032,95,18,2,0,0,0,13708,5696,549,5232,748,8,57
62,2025-03-03,Email,8759,334,3.81,0.09,30,320,23,15,7,4,14784,7.5,16331,0,622,5354,1211,7,47
62,2025-03-03,Referral,0,36,0,0.0,0,36,11,9,7,5,20565,0.0,14135,0,120,5781,417,7,53
63,2025-03-10,Google Ads,76707,2540,3.31,3.41,8656,2455,65,45,23,13,59085,665.85,14790,0,378,4934,1448,8,59
63,2025-03-10,Meta Ads,163252,2086,1.28,1.34,2786,1858,95,20,4,0,0,0,13426,0,94,5058,465,0,47
63,2025-03-10,Organico,23035,1284,5.57,0.04,50,1284,32,26,15,9,31158,5.56,13302,0,425,5244,1340,1,35
63,2025-03-10,TikTok Ads,248393,3499,1.41,0.65,2259,3223,61,11,1,0,0,0,15844,10320,109,5988,644,8,37
63,2025-03-10,Email,8699,435,5.0,0.07,30,414,21,15,7,3,10782,10.0,14418,0,247,5802,1445,3,71
63,2025-03-10,Referral,0,37,0,0.0,0,37,8,7,5,2,8306,0.0,15720,0,740,5678,1462,6,41
64,2025-03-17,Google Ads,63002,1745,2.77,3.3,5763,1640,33,24,11,5,22225,1152.6,15528,0,430,5634,1396,6,55
64,2025-03-17,Meta Ads,185854,2219,1.19,0.95,2107,2071,159,29,9,1,2806,2107.0,12945,0,793,4878,682,0,68
64,2025-03-17,Organico,23175,1777,7.67,0.03,50,1777,44,38,22,13,45266,3.85,17040,0,619,5949,1270,2,41
64,2025-03-17,TikTok Ads,189490,2947,1.56,0.47,1382,2591,67,8,2,0,0,0,14646,10619,129,5445,1088,2,66
64,2025-03-17,Email,8776,400,4.56,0.07,30,391,33,24,13,7,26530,4.29,15969,0,130,4878,784,5,62
64,2025-03-17,Referral,0,33,0,0.0,0,33,12,11,8,5,20580,0.0,13008,0,699,6075,883,0,54
65,2025-03-24,Google Ads,70512,2100,2.98,3.63,7622,1973,58,33,16,10,47120,762.2,17056,0,142,5268,984,4,60
65,2025-03-24,Meta Ads,160992,1666,1.03,1.13,1887,1552,96,18,4,0,0,0,13984,0,188,5780,1245,3,66
65,2025-03-24,Organico,24476,1643,6.71,0.03,50,1643,59,51,32,19,65968,2.63,16480,0,381,5972,283,1,61
65,2025-03-24,TikTok Ads,214953,3328,1.55,0.56,1864,2986,54,7,1,0,0,0,14112,8364,95,5268,508,5,44
65,2025-03-24,Email,8719,441,5.06,0.07,30,421,17,14,9,5,20195,6.0,15264,0,64,5460,327,4,63
65,2025-03-24,Referral,0,34,0,0.0,0,34,9,8,6,3,12804,0.0,15072,0,611,5780,1375,2,36
66,2025-03-31,Google Ads,67408,2601,3.86,3.55,9242,2432,46,27,13,6,28512,1540.33,13040,0,118,5605,1452,4,58
66,2025-03-31,Meta Ads,199671,1624,0.81,1.41,2285,1502,73,15,5,0,0,0,17005,0,661,5930,280,2,47
66,2025-03-31,Organico,25003,1593,6.37,0.03,50,1593,69,48,28,18,63738,2.78,17005,0,452,5150,137,5,57
66,2025-03-31,TikTok Ads,210454,3161,1.5,0.9,2838,2934,64,6,1,0,0,0,15250,6620,205,5475,904,2,40
66,2025-03-31,Email,8695,353,4.06,0.08,30,347,29,22,12,6,21816,5.0,15510,0,669,5475,1019,8,43
66,2025-03-31,Referral,0,28,0,0.0,0,28,6,5,4,2,7632,0.0,14080,0,490,5085,1443,2,55
67,2025-04-07,Google Ads,63970,2110,3.3,3.94,8311,1964,63,36,14,7,32529,1187.29,16422,0,360,5754,1404,4,44
67,2025-04-07,Meta Ads,204825,1791,0.87,0.93,1664,1671,107,20,5,0,0,0,14904,0,753,4830,835,1,65
67,2025-04-07,Organico,24328,1833,7.53,0.03,50,1833,63,51,29,18,66330,2.78,14112,0,217,5226,563,0,61
67,2025-04-07,TikTok Ads,249332,3029,1.21,0.53,1620,2674,75,16,3,0,0,0,17082,10628,382,5754,605,6,60
67,2025-04-07,Email,8734,377,4.32,0.08,30,373,28,19,13,6,22494,5.0,13254,0,583,5028,1024,7,37
67,2025-04-07,Referral,0,45,0,0.0,0,45,11,9,8,4,15584,0.0,13386,0,244,5424,1000,6,54
68,2025-04-14,Google Ads,79534,2329,2.93,2.83,6597,2183,73,50,26,14,71722,471.21,16824,0,142,5907,331,2,72
68,2025-04-14,Meta Ads,213825,2752,1.29,0.89,2462,2501,145,25,7,1,2606,2462.0,16891,0,142,5371,763,2,42
68,2025-04-14,Organico,24103,1715,7.12,0.03,50,1715,64,45,29,20,74460,2.5,14345,0,437,5974,879,0,45
68,2025-04-14,TikTok Ads,259569,4582,1.77,0.73,3343,3949,119,14,3,0,0,0,16824,7252,691,5170,340,2,47
68,2025-04-14,Email,8078,387,4.79,0.08,30,367,23,16,10,5,18525,6.0,15015,0,272,6041,1450,7,64
68,2025-04-14,Referral,0,34,0,0.0,0,34,7,6,4,2,8268,0.0,14747,0,100,5170,403,0,57
69,2025-04-21,Google Ads,63284,2392,3.78,3.83,9170,2320,53,38,15,8,33320,1146.25,14380,0,738,5452,1351,8,46
69,2025-04-21,Meta Ads,215438,2853,1.32,1.05,3001,2517,178,35,11,3,9528,1000.33,16692,0,613,4976,699,7,43
69,2025-04-21,Organico,24265,1838,7.57,0.03,50,1838,58,44,25,14,45626,3.57,13904,0,635,6200,1183,1,65
69,2025-04-21,TikTok Ads,246528,4449,1.8,0.79,3532,4033,96,19,3,0,0,0,16080,5948,679,6064,1116,8,75
69,2025-04-21,Email,8498,418,4.92,0.07,30,415,21,14,7,2,7352,15.0,14040,0,262,6132,949,6,37
69,2025-04-21,Referral,0,33,0,0.0,0,33,10,9,6,3,11364,0.0,15196,0,119,5452,714,8,70
70,2025-04-28,Google Ads,69617,1746,2.51,3.87,6759,1642,49,32,12,5,22380,1351.8,16002,0,738,5880,1071,0,43
70,2025-04-28,Meta Ads,187950,2328,1.24,1.42,3316,2136,114,30,7,1,2933,3316.0,15657,0,628,5535,1237,8,36
70,2025-04-28,Organico,24718,1744,7.06,0.03,50,1744,71,61,36,26,90662,1.92,13242,0,397,5673,1383,8,45
70,2025-04-28,TikTok Ads,235919,3750,1.59,0.7,2615,3446,98,18,3,0,0,0,13794,9227,293,5604,1025,4,48
70,2025-04-28,Email,8521,257,3.02,0.12,30,248,10,6,3,1,4018,30.0,17244,0,562,5121,489,5,65
70,2025-04-28,Referral,0,41,0,0.0,0,41,12,11,8,5,21705,0.0,14139,0,260,4914,1040,6,68
71,2025-05-05,Google Ads,65029,1929,2.97,2.59,4992,1872,61,37,19,8,41192,624.0,15780,0,73,6110,739,3,55
71,2025-05-05,Meta Ads,172021,1721,1.0,1.17,2018,1607,107,20,4,0,0,0,17600,0,154,5270,1211,5,70
71,2025-05-05,Organico,25297,1372,5.42,0.04,50,1372,53,39,22,12,42552,4.17,16970,0,101,5130,159,7,38
71,2025-05-05,TikTok Ads,203690,2553,1.25,0.61,1565,2206,58,9,2,0,0,0,16200,7630,390,5270,1473,8,40
71,2025-05-05,Email,8902,424,4.76,0.07,30,412,19,15,10,4,14664,7.5,15780,0,750,6250,1053,7,49
71,2025-05-05,Referral,0,46,0,0.0,0,46,10,9,7,4,14748,0.0,15990,0,382,5830,1098,0,39
72,2025-05-12,Google Ads,72956,2208,3.03,3.42,7556,2053,63,42,17,7,28133,1079.43,15976,0,619,6275,245,4,69
72,2025-05-12,Meta Ads,186787,2266,1.21,0.97,2191,2032,94,20,4,0,0,0,16970,0,495,6133,800,8,50
72,2025-05-12,Organico,24533,1719,7.01,0.03,50,1719,68,56,37,21,77154,2.38,15976,0,618,5068,1011,2,54
72,2025-05-12,TikTok Ads,262592,3333,1.27,0.45,1514,3050,87,12,2,0,0,0,14982,6127,644,6275,100,2,44
72,2025-05-12,Email,8460,285,3.37,0.11,30,279,17,11,7,3,12039,10.0,15763,0,495,5636,282,0,74
72,2025-05-12,Referral,0,47,0,0.0,0,47,13,11,8,4,16248,0.0,13491,0,50,6062,835,1,53
73,2025-05-19,Google Ads,81563,2326,2.85,3.9,9081,2194,51,31,14,7,36092,1297.29,14664,0,536,5148,485,8,59
73,2025-05-19,Meta Ads,208466,2193,1.05,1.09,2394,1974,147,24,4,0,0,0,17544,0,723,5796,378,1,43
73,2025-05-19,Organico,26996,1686,6.25,0.03,50,1686,57,47,30,19,64296,2.63,17256,0,571,5796,1230,7,59
73,2025-05-19,TikTok Ads,220972,3062,1.39,0.7,2150,2744,81,10,2,0,0,0,16392,5228,88,6156,1089,5,42
73,2025-05-19,Email,8568,461,5.38,0.07,30,439,33,24,16,8,27888,3.75,17328,0,579,5004,1171,1,50
73,2025-05-19,Referral,0,36,0,0.0,0,36,12,11,8,5,21585,0.0,15888,0,677,4932,803,8,35
74,2025-05-26,Google Ads,72813,2380,3.27,3.44,8183,2294,57,42,21,10,38720,818.3,15869,0,794,6179,633,0,75
74,2025-05-26,Meta Ads,187478,1721,0.92,0.84,1438,1633,118,28,6,0,0,0,13752,0,334,5449,371,4,52
74,2025-05-26,Organico,28128,1418,5.04,0.04,50,1418,38,27,17,9,32913,5.56,16526,0,229,5449,583,7,46
74,2025-05-26,TikTok Ads,251746,5191,2.06,0.57,2966,4447,89,18,3,0,0,0,16672,7150,726,5887,1405,2,48
74,2025-05-26,Email,8566,430,5.02,0.07,30,409,21,16,8,3,11061,10.0,15869,0,537,6106,578,6,59
74,2025-05-26,Referral,0,36,0,0.0,0,36,8,7,5,3,11877,0.0,16599,0,744,5595,1185,0,41
75,2025-06-02,Google Ads,66956,2314,3.46,4.41,10210,2188,73,52,23,11,44011,928.18,15478,0,720,6202,901,7,50
75,2025-06-02,Meta Ads,163754,1984,1.21,0.94,1857,1792,121,21,5,1,2469,1857.0,13184,0,471,5092,1175,1,63
75,2025-06-02,Organico,20618,1479,7.17,0.03,50,1479,44,31,19,10,34220,5.0,14220,0,775,5092,276,2,59
75,2025-06-02,TikTok Ads,195773,4111,2.1,0.68,2807,3812,116,21,3,0,0,0,17402,7570,487,5610,627,2,39
75,2025-06-02,Email,8310,223,2.68,0.13,30,216,19,12,7,3,9813,10.0,17698,0,255,6276,904,2,66
75,2025-06-02,Referral,0,22,0,0.0,0,22,6,5,4,2,7904,0.0,15552,0,155,4944,249,1,71
76,2025-06-09,Google Ads,63561,2330,3.67,2.54,5912,2213,64,35,14,7,28770,844.57,16275,0,450,6225,107,8,66
76,2025-06-09,Meta Ads,151996,1645,1.08,1.31,2154,1541,65,11,2,0,0,0,17700,0,174,6225,1196,5,56
76,2025-06-09,Organico,22022,1365,6.2,0.04,50,1365,51,44,24,15,53220,3.33,13875,0,520,5550,1426,3,46
76,2025-06-09,TikTok Ads,190056,4119,2.17,0.73,3008,3599,84,9,2,0,0,0,17325,12050,244,5175,173,3,36
76,2025-06-09,Email,8686,371,4.27,0.08,30,361,15,11,6,3,12162,10.0,17400,0,66,4950,794,0,56
76,2025-06-09,Referral,0,34,0,0.0,0,34,7,6,5,3,11907,0.0,14550,0,643,5400,247,0,44
77,2025-06-16,Google Ads,59301,1499,2.53,4.31,6467,1434,31,21,8,4,17716,1616.75,14052,0,517,6324,449,1,41
77,2025-06-16,Meta Ads,135290,1645,1.22,1.23,2024,1454,69,13,4,1,2811,2024.0,16256,0,173,6248,1217,2,55
77,2025-06-16,Organico,22679,1673,7.38,0.03,50,1673,67,54,32,18,60192,2.78,17168,0,222,5716,1233,2,63
77,2025-06-16,TikTok Ads,172618,3076,1.78,0.47,1435,2809,75,10,1,0,0,0,13140,5020,233,5032,1434,4,61
77,2025-06-16,Email,8664,422,4.87,0.07,30,410,19,12,6,2,6888,15.0,14812,0,675,4956,1321,2,66
77,2025-06-16,Referral,0,31,0,0.0,0,31,6,5,3,1,4071,0.0,15420,0,246,5108,1185,1,74
78,2025-06-23,Google Ads,57034,2077,3.64,3.58,7434,1938,60,40,17,8,32840,929.25,17775,0,559,5270,427,0,38
78,2025-06-23,Meta Ads,159649,1595,1.0,1.1,1761,1440,103,27,5,1,2950,1761.0,14849,0,211,4885,1093,8,42
78,2025-06-23,Organico,19426,1108,5.7,0.05,50,1108,37,29,17,11,38863,4.55,15388,0,162,5655,566,1,50
78,2025-06-23,TikTok Ads,200337,4146,2.07,0.59,2436,3597,88,13,3,0,0,0,17621,6734,446,5732,379,7,47
78,2025-06-23,Email,8612,467,5.42,0.06,30,448,20,15,7,2,8144,15.0,17698,0,519,5886,450,5,49
78,2025-06-23,Referral,0,36,0,0.0,0,36,11,10,8,5,18370,0.0,15388,0,138,5886,1168,7,48
79,2025-06-30,Google Ads,61134,2295,3.75,3.06,7018,2211,67,40,17,9,45099,779.78,14652,0,637,4890,955,0,37
79,2025-06-30,Meta Ads,175549,2305,1.31,1.15,2657,2097,116,31,9,1,2907,2657.0,15510,0,135,6216,125,6,48
79,2025-06-30,Organico,19689,1159,5.89,0.04,50,1159,43,30,18,10,36700,5.0,13404,0,515,5982,383,6,46
79,2025-06-30,TikTok Ads,203261,3192,1.57,0.63,2017,2874,86,9,2,0,0,0,16056,9272,326,6372,1210,3,40
79,2025-06-30,Email,8602,301,3.5,0.1,30,299,19,15,8,3,10776,10.0,16758,0,526,6372,183,5,58
79,2025-06-30,Referral,0,23,0,0.0,0,23,7,5,4,2,7684,0.0,15510,0,602,5124,1429,7,72
80,2025-07-07,Google Ads,54455,1935,3.55,4.01,7752,1868,43,31,14,7,27377,1107.43,13817,0,431,5764,1026,7,67
80,2025-07-07,Meta Ads,127008,1125,0.89,1.3,1458,1043,63,12,3,0,0,0,13817,0,242,6001,278,1,60
80,2025-07-07,Organico,18892,1108,5.86,0.05,50,1108,48,34,20,13,48204,3.85,14686,0,259,6159,1384,0,53
80,2025-07-07,TikTok Ads,150143,2826,1.88,0.87,2446,2509,59,11,1,0,0,0,15476,10294,710,5685,943,5,55
80,2025-07-07,Email,8488,381,4.49,0.08,30,372,25,17,10,5,17565,6.0,14844,0,316,5448,1091,5,53
80,2025-07-07,Referral,0,28,0,0.0,0,28,5,4,3,1,4446,0.0,14765,0,778,6238,684,2,46
81,2025-07-14,Google Ads,53988,1910,3.54,3.83,7320,1774,39,21,9,4,17332,1830.0,16960,0,238,5380,1251,0,55
81,2025-07-14,Meta Ads,144069,1301,0.9,1.11,1449,1233,75,12,2,0,0,0,14640,0,519,5700,419,0,69
81,2025-07-14,Organico,19164,1148,5.99,0.04,50,1148,44,34,20,14,53018,3.57,14640,0,628,6020,793,1,65
81,2025-07-14,TikTok Ads,172488,2310,1.34,0.68,1560,2020,47,9,1,0,0,0,15120,11020,589,5460,669,3,36
81,2025-07-14,Email,8146,411,5.05,0.07,30,404,35,29,16,7,26719,4.29,18400,0,107,5780,914,2,62
81,2025-07-14,Referral,0,22,0,0.0,0,22,6,5,4,2,8790,0.0,14080,0,270,6020,951,7,53
82,2025-07-21,Google Ads,44057,1582,3.59,4.3,6795,1524,38,27,13,6,26526,1132.5,18075,0,587,5715,235,6,40
82,2025-07-21,Meta Ads,107350,1338,1.25,0.99,1326,1193,69,16,5,0,0,0,16212,0,617,6120,186,4,72
82,2025-07-21,Organico,16813,1122,6.67,0.04,50,1122,38,26,14,8,29464,6.25,14430,0,719,5634,954,2,66
82,2025-07-21,TikTok Ads,172793,3187,1.84,0.41,1320,2903,72,15,3,0,0,0,17670,7793,693,6120,344,5,67
82,2025-07-21,Email,8698,222,2.55,0.14,30,213,14,8,4,2,7130,15.0,14835,0,104,5553,839,6,75
82,2025-07-21,Referral,0,30,0,0.0,0,30,8,7,5,3,12078,0.0,15159,0,693,5310,293,2,69
83,2025-07-28,Google Ads,46392,1379,2.97,4.19,5777,1334,30,20,9,5,22600,1155.4,14706,0,63,5238,1161,4,58
83,2025-07-28,Meta Ads,136538,1486,1.09,1.44,2146,1324,64,14,4,1,2972,2146.0,14378,0,477,6058,256,1,43
83,2025-07-28,Organico,18981,1222,6.44,0.04,50,1222,38,29,19,13,48555,3.85,16756,0,226,5648,158,1,49
83,2025-07-28,TikTok Ads,136846,2592,1.89,0.74,1928,2266,47,10,2,0,0,0,13968,5304,545,5976,187,3,41
83,2025-07-28,Email,8102,362,4.47,0.08,30,354,22,18,9,4,12840,7.5,14214,0,176,6468,520,3,46
83,2025-07-28,Referral,0,27,0,0.0,0,27,5,4,3,1,4093,0.0,16838,0,410,5320,1125,3,67
84,2025-08-04,Google Ads,35737,946,2.65,3.66,3458,871,18,10,4,2,9800,1729.0,13245,0,792,5164,538,8,65
84,2025-08-04,Meta Ads,86394,1047,1.21,1.11,1159,991,46,9,2,0,0,0,17561,0,165,5745,353,7,42
84,2025-08-04,Organico,12549,814,6.49,0.06,50,814,26,19,12,6,22230,8.33,14407,0,444,5662,1035,4,63
84,2025-08-04,TikTok Ads,100953,1622,1.61,0.89,1447,1434,43,8,2,0,0,0,15071,5243,740,6160,1476,1,60
84,2025-08-04,Email,8447,378,4.47,0.08,30,360,16,11,6,2,8294,15.0,14988,0,116,5828,507,5,47
84,2025-08-04,Referral,0,18,0,0.0,0,18,7,6,5,3,11355,0.0,16067,0,709,5911,829,7,73
85,2025-08-11,Google Ads,39726,1581,3.98,3.52,5569,1468,37,21,9,4,16300,1392.25,13512,0,151,5004,239,7,36
85,2025-08-11,Meta Ads,102745,1097,1.07,1.28,1399,977,63,10,2,0,0,0,18552,0,527,5424,701,7,66
85,2025-08-11,Organico,12511,829,6.63,0.06,50,829,34,27,14,9,32760,5.56,14520,0,442,6096,744,6,63
85,2025-08-11,TikTok Ads,108668,1339,1.23,0.68,908,1230,27,4,0,0,0,0,17376,10388,162,6432,1482,7,70
85,2025-08-11,Email,8657,365,4.22,0.08,30,355,29,21,12,5,20970,6.0,17292,0,681,5844,682,5,38
85,2025-08-11,Referral,0,12,0,0.0,0,12,2,1,0,0,0,0,16872,0,439,5172,976,5,57
86,2025-08-18,Google Ads,34075,880,2.58,2.99,2629,821,19,10,5,3,12102,876.33,16930,0,223,4925,1202,5,37
86,2025-08-18,Meta Ads,88944,1249,1.4,1.2,1495,1177,59,15,4,1,2786,1495.0,17440,0,380,6455,300,7,41
86,2025-08-18,Organico,12977,729,5.62,0.07,50,729,25,21,13,7,24542,7.14,17185,0,496,5435,1117,1,69
86,2025-08-18,TikTok Ads,100564,1473,1.46,0.55,808,1319,38,6,1,0,0,0,14295,11575,394,5605,237,8,65
86,2025-08-18,Email,8438,298,3.53,0.1,30,284,23,16,8,4,14080,7.5,15400,0,474,5945,614,8,64
86,2025-08-18,Referral,0,19,0,0.0,0,19,5,4,3,1,3691,0.0,18630,0,268,6115,648,8,74
87,2025-08-25,Google Ads,38704,1494,3.86,4.37,6527,1439,27,15,7,3,13242,2175.67,18020,0,470,5790,231,3,61
87,2025-08-25,Meta Ads,83707,837,1.0,0.91,763,776,38,7,1,0,0,0,18364,0,547,6392,993,6,37
87,2025-08-25,Organico,11754,683,5.81,0.07,50,683,17,14,8,5,16215,10.0,18622,0,70,5016,271,5,73
87,2025-08-25,TikTok Ads,103333,1305,1.26,0.88,1145,1202,32,6,1,0,0,0,15870,6424,634,6306,347,8,72
87,2025-08-25,Email,8882,470,5.29,0.06,30,452,38,25,13,7,24759,4.29,17504,0,291,6048,546,2,41
87,2025-08-25,Referral,0,14,0,0.0,0,14,5,4,3,2,8004,0.0,17332,0,766,5188,748,8,62
88,2025-09-01,Google Ads,90313,2591,2.87,3.06,7916,2505,51,32,14,7,35847,1130.86,13653,0,728,5022,1475,3,51
88,2025-09-01,Meta Ads,237701,2416,1.02,1.47,3553,2187,158,26,8,2,5594,1776.5,13392,0,452,5631,716,1,50
88,2025-09-01,Organico,31183,2363,7.58,0.02,50,2363,66,51,30,21,75936,2.38,13653,0,330,5109,1106,7,61
88,2025-09-01,TikTok Ads,322593,4944,1.53,0.61,3021,4565,88,10,1,0,0,0,16872,10286,761,4935,206,2,75
88,2025-09-01,Email,8451,373,4.41,0.08,30,354,17,11,6,2,6910,15.0,14697,0,658,6066,754,7,65
88,2025-09-01,Referral,0,55,0,0.0,0,55,12,10,8,4,15152,0.0,15480,0,136,6066,852,2,60
89,2025-09-08,Google Ads,101275,3967,3.92,4.27,16933,3703,126,92,45,25,99550,677.32,18512,0,253,5644,445,0,60
89,2025-09-08,Meta Ads,242283,2956,1.22,0.9,2673,2799,131,30,6,1,3191,2673.0,18424,0,739,6260,342,3,48
89,2025-09-08,Organico,30488,2312,7.58,0.02,50,2312,93,69,43,24,81864,2.08,15696,0,339,5468,956,2,61
89,2025-09-08,TikTok Ads,311093,3822,1.23,0.89,3394,3320,80,10,2,0,0,0,13408,10540,186,5820,914,3,59
89,2025-09-08,Email,8677,408,4.7,0.07,30,392,17,10,5,2,8260,15.0,17280,0,670,6612,193,0,51
89,2025-09-08,Referral,0,45,0,0.0,0,45,12,11,9,5,22065,0.0,13760,0,644,5380,633,2,67
90,2025-09-15,Google Ads,90804,2732,3.01,3.44,9387,2528,76,48,21,10,40610,938.7,18942,0,337,5924,980,4,51
90,2025-09-15,Meta Ads,241927,3225,1.33,0.98,3175,2908,220,43,15,3,7662,1058.33,18319,0,104,5479,404,0,49
90,2025-09-15,Organico,30440,1951,6.41,0.03,50,1951,55,43,24,17,63002,2.94,13780,0,502,5924,1248,7,64
90,2025-09-15,TikTok Ads,285398,5838,2.05,0.83,4865,5020,96,19,3,0,0,0,16361,11688,729,6547,534,0,68
90,2025-09-15,Email,8726,265,3.04,0.11,30,263,13,9,4,1,3491,30.0,14670,0,453,5924,1309,1,55
90,2025-09-15,Referral,0,36,0,0.0,0,36,7,6,5,3,13434,0.0,16361,0,658,4945,774,0,74
91,2025-09-22,Google Ads,103309,3086,2.99,3.96,12230,2975,101,67,28,12,61416,1019.17,16590,0,380,5040,244,8,73
91,2025-09-22,Meta Ads,225673,2435,1.08,0.92,2251,2307,172,28,9,1,3198,2251.0,17940,0,341,6750,1439,2,42
91,2025-09-22,Organico,31190,2309,7.4,0.02,50,2309,91,78,53,35,124845,1.43,14430,0,426,6390,509,7,63
91,2025-09-22,TikTok Ads,319068,5348,1.68,0.68,3644,4726,135,26,5,0,0,0,14340,5750,575,5850,1049,3,44
91,2025-09-22,Email,8866,361,4.07,0.08,30,354,15,10,5,2,7014,15.0,15060,0,180,5760,609,8,62
91,2025-09-22,Referral,0,39,0,0.0,0,39,8,6,4,2,7870,0.0,18030,0,146,6210,1453,4,57
92,2025-09-29,Google Ads,84307,2211,2.62,3.51,7753,2049,59,34,14,7,27790,1107.57,18188,0,771,5774,742,7,63
92,2025-09-29,Meta Ads,242691,2391,0.99,1.48,3530,2249,106,18,5,1,3089,3530.0,14548,0,494,6502,136,0,60
92,2025-09-29,Organico,30008,1655,5.52,0.03,50,1655,57,46,31,23,85054,2.17,16823,0,683,6684,838,6,54
92,2025-09-29,TikTok Ads,250619,3346,1.34,0.5,1657,3062,84,10,1,0,0,0,16095,10325,691,6502,490,1,54
92,2025-09-29,Email,8729,257,2.94,0.12,30,249,11,9,5,2,7392,15.0,18825,0,70,6229,1298,3,47
92,2025-09-29,Referral,0,39,0,0.0,0,39,14,12,9,5,21835,0.0,18370,0,475,6320,1285,8,53
93,2025-10-06,Google Ads,84388,2615,3.1,3.53,9222,2519,85,62,32,15,58860,614.8,13564,0,482,6616,746,8,39
93,2025-10-06,Meta Ads,234449,2939,1.25,1.42,4180,2610,169,41,10,2,5130,2090.0,16692,0,793,5512,1061,5,63
93,2025-10-06,Organico,33124,1874,5.66,0.03,50,1874,80,60,38,27,99333,1.85,14852,0,350,6064,953,5,65
93,2025-10-06,TikTok Ads,335697,6863,2.04,0.71,4879,5988,170,30,5,0,0,0,19084,6444,475,6340,721,3,48
93,2025-10-06,Email,8548,469,5.49,0.06,30,453,24,18,9,5,18575,6.0,13748,0,115,5880,981,1,74
93,2025-10-06,Referral,0,40,0,0.0,0,40,12,10,8,5,21435,0.0,13840,0,620,5696,409,8,73
94,2025-10-13,Google Ads,102982,3665,3.56,4.35,15954,3468,89,63,26,12,60600,1329.5,14604,0,625,5058,1138,1,45
94,2025-10-13,Meta Ads,261822,3690,1.41,1.44,5305,3287,169,36,9,2,5002,2652.5,15162,0,712,5988,785,2,42
94,2025-10-13,Organico,37440,2365,6.32,0.02,50,2365,78,65,38,27,95823,1.85,16743,0,567,5430,274,4,58
94,2025-10-13,TikTok Ads,327884,5295,1.61,0.71,3784,4604,131,21,5,0,0,0,18231,10196,519,6453,1497,5,36
94,2025-10-13,Email,8451,406,4.8,0.07,30,400,26,16,9,4,15960,7.5,15348,0,494,5058,905,0,44
94,2025-10-13,Referral,0,60,0,0.0,0,60,12,10,8,5,20160,0.0,16836,0,479,6081,1494,8,54
95,2025-10-20,Google Ads,104513,3104,2.97,3.19,9896,3009,100,67,28,14,71652,706.86,15854,0,607,6756,1366,7,57
95,2025-10-20,Meta Ads,281308,3789,1.35,1.08,4104,3386,176,27,6,1,3157,4104.0,14914,0,582,6568,681,3,40
95,2025-10-20,Organico,35081,2082,5.93,0.02,50,2082,66,53,29,21,78792,2.38,16512,0,297,5816,965,8,42
95,2025-10-20,TikTok Ads,329435,6725,2.04,0.53,3563,5989,118,22,5,0,0,0,13410,10832,397,5628,1291,8,73
95,2025-10-20,Email,8273,281,3.4,0.11,30,276,22,16,8,3,11865,10.0,16324,0,157,5910,1157,3,58
95,2025-10-20,Referral,0,47,0,0.0,0,47,10,8,6,3,11805,0.0,14914,0,537,5534,1013,1,58
96,2025-10-27,Google Ads,103198,3203,3.1,3.62,11588,3096,101,67,33,21,100842,551.81,18460,0,216,5355,1135,2,66
96,2025-10-27,Meta Ads,267962,2386,0.89,1.29,3085,2243,100,18,4,1,2972,3085.0,17890,0,171,6780,936,1,42
96,2025-10-27,Organico,34087,2000,5.87,0.03,50,2000,70,50,29,18,63018,2.78,19315,0,78,5355,391,6,38
96,2025-10-27,TikTok Ads,348362,5243,1.51,0.54,2840,4533,128,12,2,0,0,0,18460,11195,636,5830,1258,7,56
96,2025-10-27,Email,8739,343,3.92,0.09,30,338,23,18,10,4,14640,7.5,18840,0,202,5925,282,6,59
96,2025-10-27,Referral,0,41,0,0.0,0,41,11,9,8,5,21265,0.0,16750,0,711,5165,439,0,71
97,2025-11-03,Google Ads,83642,3059,3.66,3.12,9537,2932,84,47,25,13,50804,733.62,15744,0,537,6516,138,1,69
97,2025-11-03,Meta Ads,187112,1521,0.81,1.35,2054,1364,93,26,6,1,3021,2054.0,17376,0,461,6708,192,7,36
97,2025-11-03,Organico,27829,1542,5.54,0.03,50,1542,39,31,18,10,33010,5.0,15456,0,342,5364,474,4,40
97,2025-11-03,TikTok Ads,226755,4880,2.15,0.74,3607,4170,131,15,3,0,0,0,17280,7148,472,5940,628,6,42
97,2025-11-03,Email,8119,261,3.21,0.11,30,255,13,9,5,2,6950,15.0,14112,0,375,6324,1232,6,39
97,2025-11-03,Referral,0,39,0,0.0,0,39,10,8,7,4,17944,0.0,14592,0,302,6612,1434,2,54
98,2025-11-10,Google Ads,82148,2603,3.17,4.19,10913,2472,77,44,21,10,43020,1091.3,18693,0,618,6343,185,0,64
98,2025-11-10,Meta Ads,235635,2908,1.23,1.26,3655,2593,109,31,7,1,3096,3655.0,18111,0,409,6925,535,8,53
98,2025-11-10,Organico,26136,1886,7.22,0.03,50,1886,68,51,31,17,56831,2.94,16850,0,492,5567,1350,8,55
98,2025-11-10,TikTok Ads,282140,6053,2.15,0.72,4343,5619,156,20,4,0,0,0,19081,12812,386,4985,373,0,73
98,2025-11-10,Email,8480,441,5.2,0.07,30,433,26,21,13,7,26257,4.29,14425,0,714,6925,258,8,36
98,2025-11-10,Referral,0,49,0,0.0,0,49,17,15,11,8,31080,0.0,17820,0,446,5470,117,1,64
99,2025-11-17,Google Ads,77372,2158,2.79,2.52,5435,2081,64,43,21,10,50560,543.5,17194,0,785,5676,579,7,58
99,2025-11-17,Meta Ads,178235,2040,1.14,1.29,2637,1881,75,22,6,0,0,0,19742,0,555,5480,1230,3,71
99,2025-11-17,Organico,29740,2024,6.81,0.02,50,2024,57,45,29,16,60528,3.12,16312,0,585,5774,492,0,69
99,2025-11-17,TikTok Ads,261687,4921,1.88,0.84,4141,4183,100,18,4,0,0,0,18860,10556,330,5284,1492,8,64
99,2025-11-17,Email,8496,344,4.05,0.09,30,327,24,14,9,4,14092,7.5,13470,0,451,5578,785,1,71
99,2025-11-17,Referral,0,47,0,0.0,0,47,18,15,12,8,35512,0.0,16508,0,251,5480,774,4,39
100,2025-11-24,Google Ads,83542,2209,2.64,3.46,7642,2139,60,40,18,9,36180,849.11,19425,0,294,5985,211,5,68
100,2025-11-24,Meta Ads,225264,3289,1.46,1.34,4417,3036,214,52,14,2,4924,2208.5,13881,0,436,5985,233,2,38
100,2025-11-24,Organico,31159,1971,6.33,0.03,50,1971,61,49,27,18,67896,2.78,14079,0,351,6183,922,1,74
100,2025-11-24,TikTok Ads,272124,3899,1.43,0.7,2728,3519,63,9,2,0,0,0,14673,9737,716,4995,1029,8,56
100,2025-11-24,Email,8574,242,2.82,0.12,30,230,17,12,8,4,13316,7.5,19920,0,312,6084,962,7,74
100,2025-11-24,Referral,0,38,0,0.0,0,38,9,8,6,3,11838,0.0,19920,0,717,6084,737,8,44
101,2025-12-01,Google Ads,46946,1391,2.96,3.19,4431,1310,23,15,7,3,14514,1477.0,14100,0,482,6100,500,3,75
101,2025-12-01,Meta Ads,151544,2045,1.35,1.04,2124,1895,128,38,11,2,5984,1062.0,17700,0,680,5900,957,5,45
101,2025-12-01,Organico,17268,1317,7.63,0.04,50,1317,56,44,30,20,68700,2.5,19400,0,688,5600,589,7,56
101,2025-12-01,TikTok Ads,180209,2839,1.58,0.6,1703,2600,47,4,0,0,0,0,17200,11100,249,7000,1299,5,37
101,2025-12-01,Email,8904,275,3.09,0.11,30,265,13,8,4,2,6902,15.0,15700,0,250,5000,460,4,41
101,2025-12-01,Referral,0,18,0,0.0,0,18,6,5,4,2,8916,0.0,16100,0,362,6400,591,5,58
102,2025-12-08,Google Ads,55034,2152,3.91,4.45,9585,2108,69,50,20,9,36603,1065.0,15939,0,246,6722,874,5,55
102,2025-12-08,Meta Ads,139031,2063,1.48,0.97,2003,1822,117,20,5,1,2735,2003.0,16646,0,104,7025,673,2,67
102,2025-12-08,Organico,20506,1570,7.66,0.03,50,1570,45,32,19,12,39192,4.17,15636,0,570,6217,1421,8,58
102,2025-12-08,TikTok Ads,164930,2744,1.66,0.56,1539,2414,66,12,2,0,0,0,13919,8146,274,5611,1025,3,60
102,2025-12-08,Email,8260,311,3.77,0.1,30,301,14,11,6,2,7938,15.0,14525,0,352,6419,1162,5,49
102,2025-12-08,Referral,0,27,0,0.0,0,27,7,6,4,2,7836,0.0,18262,0,559,6015,659,6,36
103,2025-12-15,Google Ads,47453,1352,2.85,3.79,5125,1272,24,17,8,4,17464,1281.25,16488,0,150,5316,246,5,37
103,2025-12-15,Meta Ads,136864,1414,1.03,1.27,1799,1269,88,23,7,1,3018,1799.0,15264,0,783,6744,634,0,54
103,2025-12-15,Organico,17931,1083,6.04,0.05,50,1083,48,41,27,18,57816,2.78,19650,0,719,6642,405,6,49
103,2025-12-15,TikTok Ads,151482,2952,1.95,0.64,1881,2631,76,14,3,0,0,0,17610,7988,489,6336,529,7,63
103,2025-12-15,Email,8800,227,2.58,0.13,30,217,18,12,7,3,11622,10.0,18120,0,397,5724,958,6,60
103,2025-12-15,Referral,0,30,0,0.0,0,30,10,8,6,3,10596,0.0,15264,0,207,6030,1263,6,59
104,2025-12-22,Google Ads,47841,1476,3.09,3.57,5267,1374,27,17,7,4,15960,1316.75,15708,0,156,6766,463,0,73
104,2025-12-22,Meta Ads,134538,1252,0.93,0.85,1062,1186,60,11,3,0,0,0,18386,0,580,5015,451,5,61
104,2025-12-22,Organico,18341,1461,7.97,0.03,50,1461,40,31,20,12,40932,4.17,15193,0,260,5942,985,7,45
104,2025-12-22,TikTok Ads,170133,3639,2.14,0.69,2524,3239,89,11,1,0,0,0,18798,13491,302,6663,773,7,64
104,2025-12-22,Email,8468,221,2.61,0.14,30,210,15,12,6,3,12033,10.0,17459,0,450,6972,458,6,50
104,2025-12-22,Referral,0,21,0,0.0,0,21,6,5,4,2,8430,0.0,14781,0,452,5118,590,2,52
